date,sha,version,build_size,build_time,platform,mode,is_cache_using,commits_count
2022-02-28T19:06:43Z,3b329f9c25c9672e4030edb039b0225fa46f7ce1,0.8.521,4356,68,armv7-android,debug,true,521
2022-02-28T19:14:56Z,3b329f9c25c9672e4030edb039b0225fa46f7ce1,0.8.521,4356,51,armv7-android,debug,true,521
2022-02-28T19:16:23Z,3b329f9c25c9672e4030edb039b0225fa46f7ce1,0.8.521,4356,11,armv7-android,debug,true,521
2022-02-28T19:19:46Z,3b329f9c25c9672e4030edb039b0225fa46f7ce1,0.8.521,4356,11,armv7-android,debug,true,521
2022-02-28T19:22:51Z,3b329f9c25c9672e4030edb039b0225fa46f7ce1,0.8.521,4356,11,armv7-android,debug,true,521
2022-03-12T10:01:30Z,d0f3d6641a08b0d6b719b13017aa85907d1667e5,0.8.564,2200,44,js-web,release,true,564
2022-08-29T18:27:58Z,b2643ebd268b15884363efd17724e689279946f1,0.9.589,2316,45,js-web,release,true,589
2022-08-29T18:46:47Z,13003e472169cbd261e703eca7b133adf64a24f7,0.9.592,2316,40,js-web,release,true,592
2022-09-09T17:55:42Z,072507cc9e715541bdee7636d2e5eeeb3c22a57d,0.10.603,2340,43,js-web,release,true,603
2022-09-09T18:00:07Z,072507cc9e715541bdee7636d2e5eeeb3c22a57d,0.10.603,2340,5,js-web,release,true,603
